Country Name,Mens Points,Womens Points,Alpha-3 code,Percentage Difference,Gender Inequality Index
Albania,1361.81,1346.01,ALB,1.160220589,0.144
Algeria,1480.59,1288.27,DZA,12.98941638,0.499
Angola,1149.08,1041.91,AGO,9.326591708,0.537
Argentina,1770.65,1660.37,ARG,6.228221275,0.287
Armenia,1242.42,1072.97,ARM,13.63870511,0.216
Australia,1483.73,1906.2,AUS,-28.47350933,0.073
Austria,1502.47,1813.37,AUT,-20.69259286,0.053
Azerbaijan,1127.17,1274.5,AZE,-13.0707879,0.294
Bahrain,1289.25,1254.12,BHR,2.724840023,0.181
Bangladesh,883.18,1017.16,BGD,-15.17018048,0.53
Barbados,982.27,966.8,BRB,1.574923392,0.268
Belarus,1226.55,1457.75,BLR,-18.84961885,0.104
Belgium,1821.92,1823.83,BEL,-0.10483446,0.048
Belize,950.88,839.85,BLZ,11.67655225,0.364
Benin,1258.71,1020.94,BEN,18.88997466,0.602
Bhutan,910.96,769.0,BTN,15.5835602,0.415
Bolivia,1298.81,1213.1,BOL,6.599117654,0.418
Bosnia and Herzegovina,1403.98,1385.2,BIH,1.337625892,0.136
Botswana,1060.17,979.35,BWA,7.623305696,0.468
Brazil,1837.56,1975.82,BRA,-7.524108056,0.39
Bulgaria,1325.16,1229.79,BGR,7.196866793,0.21
Burkina Faso,1425.64,1050.87,BFA,26.28784265,0.621
Burundi,1076.26,799.08,BDI,25.75399996,0.505
Cambodia,954.3,1142.14,KHM,-19.68353767,0.461
Cameroon,1484.95,1417.44,CMR,4.54628102,0.565
Canada,1473.82,1986.51,CAN,-34.78647325,0.069
Chile,1514.86,1580.9,CHL,-4.359478764,0.187
China PR,1305.06,1862.87,CHN,-42.74209615,0.192
Colombia,1604.07,1700.4,COL,-6.005348894,0.424
Congo,1215.09,1161.46,COG,4.413664831,0.564
Congo DR,1332.84,1159.0,COD,13.04282585,0.601
Costa Rica,1500.06,1612.44,CRI,-7.491700332,0.256
Cote d'Ivoire,1435.91,1379.39,CIV,3.936179844,0.613
Croatia,1632.15,1404.39,HRV,13.95459976,0.093
Cuba,978.65,1217.56,CUB,-24.41220048,0.303
Cyprus,1180.52,1123.46,CYP,4.83346322,0.123
Czechia,1502.9,1675.21,CZE,-11.46516734,0.12
Denmark,1665.47,1855.49,DNK,-11.40939194,0.013
Dominican Republic,1031.86,1173.44,DOM,-13.7208536,0.429
Ecuador,1463.74,1377.83,ECU,5.869211745,0.362
Egypt,1482.63,1228.15,EGY,17.16409354,0.443
El Salvador,1333.48,1148.88,SLV,13.84347722,0.376
Estonia,1177.4,1180.34,EST,-0.249702735,0.1
Eswatini,1070.89,807.89,SWZ,24.55901166,0.54
Ethiopia,1088.27,1117.66,ETH,-2.700616575,0.52
Fiji,993.37,1345.58,FJI,-35.45607377,0.318
Finland,1398.41,1669.24,FIN,-19.36699537,0.033
France,1764.85,2037.69,FRA,-15.45967079,0.083
Gabon,1301.84,1079.87,GAB,17.05048239,0.541
Gambia,1137.47,1124.04,GMB,1.18069048,0.611
Georgia,1296.46,1118.09,GEO,13.75823396,0.28
Germany,1658.96,2059.75,DEU,-24.15911173,0.073
Ghana,1393.47,1416.77,GHA,-1.672084796,0.529
Greece,1441.45,1409.31,GRC,2.229699261,0.119
Guatemala,1161.96,1259.69,GTM,-8.410788667,0.481
Guinea,1294.89,1078.56,GIN,16.70643838,0.621
Guinea-Bissau,1165.53,835.18,GNB,28.34332879,0.627
Guyana,968.74,1247.77,GUY,-28.8033941,0.454
Haiti,1269.07,1445.71,HTI,-13.91885396,0.635
Honduras,1299.69,1145.7,HND,11.84820996,0.431
Hungary,1486.76,1538.35,HUN,-3.469961527,0.221
Iceland,1379.61,1870.66,ISL,-35.59339234,0.043
India,1198.65,1425.51,IND,-18.92629208,0.49
Indonesia,1019.19,1209.02,IDN,-18.62557521,0.444
IR Iran,1558.64,1364.73,IRN,12.44097418,0.459
Israel,1316.35,1365.34,ISR,-3.721654575,0.083
Italy,1713.86,1868.29,ITA,-9.010654312,0.056
Jamaica,1382.06,1543.93,JAM,-11.71222668,0.335
Japan,1554.69,1917.07,JPN,-23.30882684,0.083
Jordan,1279.74,1377.44,JOR,-7.63436323,0.471
Kazakhstan,1166.28,1234.3,KAZ,-5.832218678,0.161
Kenya,1202.26,991.78,KEN,17.50702843,0.506
Korea Republic,1526.02,1850.09,KOR,-21.23628786,0.067
Kyrgyz Republic,1232.91,1120.59,KGZ,9.110154026,0.37
Laos,914.66,1257.98,LAO,-37.535259,0.478
Latvia,1125.36,1168.47,LVA,-3.830774152,0.151
Lebanon,1211.71,1032.23,LBN,14.81212501,0.432
Lesotho,1061.4,842.0,LSO,20.67081213,0.557
Liberia,1051.25,891.31,LBR,15.21426873,0.648
Lithuania,1074.08,1219.51,LTU,-13.53995978,0.105
Luxembourg,1235.36,1150.79,LUX,6.845777749,0.044
Madagascar,1193.78,691.0,MDG,42.11663791,0.556
Malawi,1144.77,942.66,MWI,17.65507482,0.554
Malaysia,1057.59,1231.94,MYS,-16.48559461,0.228
Maldives,1018.25,952.73,MDV,6.434569114,0.348
Mali,1442.88,1273.24,MLI,11.75704147,0.613
Malta,974.68,1231.0,MLT,-26.29786186,0.167
Mauritius,932.02,363.36,MUS,61.01371215,0.347
Mexico,1649.57,1628.95,MEX,1.250022733,0.309
Moldova,944.96,1170.7,MDA,-23.88884186,0.205
Mongolia,913.55,1111.95,MNG,-21.71747578,0.313
Montenegro,1354.59,1251.28,MNE,7.626661942,0.119
Morocco,1558.35,1315.41,MAR,15.58956589,0.425
Mozambique,1165.41,815.14,MOZ,30.05551694,0.537
Myanmar,1011.91,1517.95,MMR,-50.00839996,0.498
Namibia,1164.13,1020.53,NAM,12.3353921,0.445
Nepal,950.45,1196.73,NPL,-25.91193645,0.452
Netherlands,1679.41,2002.99,NLD,-19.26748084,0.025
New Zealand,1198.96,1741.94,NZL,-45.28758257,0.088
Nicaragua,1079.18,1157.63,NIC,-7.269408254,0.424
Niger,1155.23,877.93,NER,24.00387802,0.611
Nigeria,1504.7,1535.09,NGA,-2.019671695,0.68
North Macedonia,1375.2,1082.42,MKD,21.28999418,0.134
Norway,1488.57,1889.96,NOR,-26.96480515,0.016
Panama,1389.27,1425.65,PAN,-2.618641445,0.392
Papua New Guinea,997.6,1512.43,PNG,-51.60685646,0.725
Paraguay,1440.13,1510.53,PRY,-4.888447571,0.445
Peru,1562.24,1334.47,PER,14.57970606,0.38
Philippines,1115.13,1479.91,PHL,-32.71188113,0.419
Poland,1546.18,1647.92,POL,-6.5800877,0.109
Portugal,1678.65,1688.06,PRT,-0.560569505,0.067
Republic of Ireland,1442.48,1695.26,IRL,-17.52398647,0.074
Romania,1427.84,1574.3,ROU,-10.25745182,0.282
Russia,1493.42,1717.04,RUS,-14.97368456,0.203
Rwanda,1095.04,894.87,RWA,18.27969755,0.388
Samoa,894.26,1212.01,WSM,-35.53217185,0.418
Senegal,1584.59,1258.35,SEN,20.58829098,0.53
Serbia,1549.53,1630.68,SRB,-5.237071886,0.131
Sierra Leone,1169.71,1073.89,SLE,8.191774029,0.633
Singapore,1004.75,1088.77,SGP,-8.362279174,0.04
Slovakia,1439.99,1541.41,SVK,-7.043104466,0.18
Slovenia,1372.48,1536.95,SVN,-11.98341688,0.071
South Africa,1350.55,1464.36,ZAF,-8.426937174,0.405
South Sudan,983.99,649.69,SSD,33.9739225,0.587
Spain,1716.93,1983.13,ESP,-15.50441777,0.057
Sri Lanka,825.25,968.0,LKA,-17.29778855,0.383
St. Lucia,965.66,982.0,LCA,-1.692106953,0.381
St. Vincent and the Grenadines,939.97,950.85,VCT,-1.157483749,0.39
Suriname,1072.24,1089.15,SUR,-1.577072297,0.427
Sweden,1563.44,2050.18,SWE,-31.13263061,0.023
Switzerland,1621.43,1775.36,CHE,-9.493471812,0.018
Tajikistan,1179.1,1033.87,TJK,12.31702146,0.285
Tanzania,1121.91,965.82,TZA,13.91288071,0.56
Thailand,1170.69,1555.0,THA,-32.82764865,0.333
Timor-Leste,860.06,973.91,TLS,-13.23744855,0.378
Togo,1130.22,1138.33,TGO,-0.717559413,0.58
Tonga,861.81,1221.48,TON,-41.73425697,0.631
Trinidad and Tobago,1205.85,1318.11,TTO,-9.309615624,0.344
Tunisia,1507.86,1298.6,TUN,13.87794623,0.259
Turkiye,1475.13,1374.84,TUR,6.798722824,0.272
Turkmenistan,1100.47,1075.41,TKM,2.277208829,0.177
Uganda,1264.56,924.09,UGA,26.92398937,0.53
Ukraine,1542.79,1643.46,UKR,-6.525191374,0.2
United Arab Emirates,1346.09,1181.72,ARE,12.210922,0.049
Uruguay,1640.95,1374.14,URY,16.25948384,0.235
USA,1635.01,2111.47,USA,-29.14110617,0.179
Uzbekistan,1306.63,1523.83,UZB,-16.62291544,0.227
Venezuela,1405.17,1494.4,VEN,-6.350121338,0.492
Vietnam,1218.84,1643.66,VNM,-34.85445177,0.296
Zambia,1270.8,1280.19,ZMB,-0.738904627,0.54
Zimbabwe,1138.56,1115.59,ZWE,2.017460652,0.532
